country_code,year,total number of patents,"GNI per capita, Atlas method (current US$)","Literacy rate, adult total (% of people ages 15 and above)",Urban population,"Adjusted net savings, excluding particulate emission damage (current US$)",GDP (current US$),"Mortality rate, neonatal (per 1,000 live births)"
ARG,2020,1,8930.0,,41796990.0,,383066977653.56,
ARG,2019,2401,11130.0,,41339571.0,22520760357.3544,445445177459.45294,6.1
ARG,2018,3464,12370.0,99.0038681030273,40877099.0,23330279814.3277,517626700412.885,6.2
ARG,2017,3397,13140.0,,40410674.0,31017342642.9394,643628665302.155,6.2
ARG,2016,3892,12220.0,99.12500762939449,39940546.0,27540555361.7631,557531376217.967,6.4
ARG,2015,4138,12570.0,99.17996215820308,39467043.0,28777930824.5369,594749285413.212,6.6
ARG,2014,4735,12330.0,98.99388885498051,38990109.0,23631243197.9959,526319673731.6379,6.9
ARG,2013,4800,12840.0,99.1219482421875,38509756.0,23058906176.0602,552025140252.246,7.2
ARG,2012,4815,11870.0,99.10523223876949,38027774.0,29102714913.3147,545982375701.128,7.5
ARG,2011,4794,10710.0,99.1083297729492,37543830.0,37263278484.4383,530163281574.658,7.6
ARG,2010,4782,9270.0,98.9549713134766,37055902.0,28737875335.6407,423627422092.49,7.7
ARM,2020,,4220.0,,1876112.0,,12645459213.5235,
ARM,2019,,4680.0,,1869846.0,-525707371.909976,13672802157.8324,6.4
ARM,2018,,4250.0,,1863995.0,198445797.405066,12457941907.0333,6.7
ARM,2017,,3950.0,99.7360687255859,1858250.0,457628240.360592,11527458565.7334,7.1
ARM,2016,,3760.0,,1852180.0,481978596.121408,10546135160.031,7.4
ARM,2015,,4010.0,,1845589.0,576820568.019396,10553337672.9872,7.8
ARM,2014,,4140.0,,1838076.0,120150465.805541,11609512939.7542,8.2
ARM,2013,,4110.0,,1830236.0,290747177.43931,11121465767.4067,8.7
ARM,2012,,3880.0,,1823993.0,215110682.4881,10619320048.5857,9.1
ARM,2011,,3530.0,99.7444076538086,1821998.0,-115274641.294704,10142111334.4961,9.6
ARM,2010,,3470.0,,1825368.0,75672615.1292461,9260284937.79781,10.1
AUS,2020,13338,53730.0,,22152761.0,,1330900925056.98,
AUS,2019,33573,55100.0,,21845994.0,85967028834.5253,1396567014733.23,2.3
AUS,2018,46869,53190.0,,21488110.0,82990601788.3075,1432881172002.17,2.3
AUS,2017,49716,51560.0,,21133982.0,85027803513.99,1329188475752.32,2.3
AUS,2016,54161,54140.0,,20755798.0,62525742468.1297,1208846993739.99,2.3
AUS,2015,55249,60500.0,,20410546.0,95880231647.4327,1351693984524.5,2.3
AUS,2014,55885,65150.0,,20095657.0,117464234142.703,1467483705131.74,2.4
AUS,2013,58446,66020.0,,19775013.0,149318662887.076,1576184467015.49,2.4
AUS,2012,55328,60210.0,,19414834.0,155364571426.87198,1546151783872.96,2.5
AUS,2011,53558,50320.0,,19056040.0,116956966741.571,1396649906339.35,2.6
AUS,2010,50851,46630.0,,18767085.0,81131508568.3155,1146138465603.81,2.7
AUT,2020,407,,,5238680.0,,428965397959.456,
AUT,2019,2133,51390.0,,5196085.0,65183720973.2344,445075391688.156,2.1
AUT,2018,2497,49030.0,,5153759.0,60437627991.5559,454872626780.005,2.1
AUT,2017,2741,45030.0,,5110858.0,53418228293.4947,416207272209.538,2.2
AUT,2016,3078,46200.0,,5058968.0,54748175252.8604,395568644341.038,2.2
AUT,2015,3359,47450.0,,4988134.0,46989362842.1449,381817565893.574,2.2
AUT,2014,3357,50370.0,,4916377.0,55811262029.0463,441996131736.508,2.3
AUT,2013,3327,50700.0,,4861991.0,52734022649.4938,430068712971.867,2.3
AUT,2012,3355,50060.0,,4817487.0,52281165617.3793,409425234155.2629,2.4
AUT,2011,3712,50590.0,,4792887.0,58667326612.2831,431120310088.82,2.5
AUT,2010,5983,49610.0,,4800510.0,51644669313.6962,391892746544.69,2.5
BEL,2020,289,,,11334006.0,,515332499627.861,
BEL,2019,1743,47960.0,,11263911.0,62860344086.8461,533254518108.234,2.0
BEL,2018,1892,46060.0,,11198627.0,62067224767.0846,543410654016.6021,2.1
BEL,2017,1902,42460.0,,11143219.0,59135235152.3619,501522868356.441,2.1
BEL,2016,1742,43360.0,,11095615.0,54318469973.8713,475739588764.759,2.2
BEL,2015,1436,45540.0,,11034732.0,53183783312.5993,462149679343.822,2.2
BEL,2014,1018,47800.0,,10966157.0,58258527958.5472,534678075827.361,2.2
BEL,2013,713,47880.0,,10912673.0,53721969248.345985,521642714407.843,2.3
BEL,2012,720,47100.0,,10856360.0,54018651088.4437,496181260258.3,2.3
BEL,2011,621,46400.0,,10784163.0,50697575831.6527,522645519183.591,2.3
BEL,2010,629,46950.0,,10639649.0,55915467223.7271,480951629493.033,2.3
BGR,2020,397,9540.0,,5242987.0,,69105101089.5531,
BGR,2019,465,9570.0,,5256027.0,8676183227.0889,68558815111.6199,3.3
BGR,2018,396,8560.0,,5269340.0,7014629092.26095,66230155099.5775,3.5
BGR,2017,451,7640.0,,5283539.0,7126268673.874691,58971520599.2509,3.7
BGR,2016,596,7430.0,,5298039.0,5780345759.5421715,53806894796.3801,3.8
BGR,2015,483,7450.0,,5310996.0,4375044097.07776,50647442756.7445,4.0
BGR,2014,397,7740.0,,5320503.0,5599991086.103729,56901994980.3283,4.2
BGR,2013,512,7590.0,,5326274.0,6321483691.938001,55615397665.5809,4.5
BGR,2012,376,7440.0,,5331472.0,4780498994.76321,54033250328.5151,4.7
BGR,2011,384,7220.0,98.35244750976558,5337678.0,4927712517.87712,57386216850.3377,5.0
BGR,2010,369,6940.0,,5347166.0,3581567066.3985705,50381825504.2642,5.1
BIH,2020,,6090.0,,1608256.0,,19788422248.1072,
BIH,2019,,6180.0,,1605143.0,,20202479537.5193,4.2
BIH,2018,,5750.0,,1603630.0,,20183510561.2553,4.3
BIH,2017,,5120.0,,1604580.0,,18080118128.3854,4.4
BIH,2016,,5130.0,,1609084.0,,16913330693.9653,4.5
BIH,2015,,5210.0,,1617733.0,,16211541820.2438,4.6
BIH,2014,,5300.0,,1631018.0,,18558343508.3435,4.7
BIH,2013,,5270.0,96.9917678833008,1647981.0,,18178503835.4491,4.8
BIH,2012,,4990.0,,1665461.0,,17226849297.07,4.9
BIH,2011,,5010.0,98.1420364379883,1679673.0,,18644723860.9709,5.0
BIH,2010,,4960.0,,1688142.0,,17176781336.7644,5.1
BLR,2020,,6330.0,,7470497.0,,60258239055.5829,
BLR,2019,,6370.0,,7444245.0,6596443178.436971,64409647193.8044,1.2
BLR,2018,,5700.0,99.75656127929692,7453556.0,7271359745.65878,60031262269.3365,1.3
BLR,2017,,5300.0,,7421374.0,5972147145.08823,54726595249.1849,1.4
BLR,2016,,5620.0,,7378986.0,4572654082.69925,47722657820.6675,1.5
BLR,2015,,6710.0,,7324181.0,6851850327.47433,56454734396.5842,1.6
BLR,2014,,7590.0,,7266287.0,8932237236.03735,78813839984.3506,1.7
BLR,2013,1,7010.0,,7212995.0,9118450114.9043,75527984234.2342,1.8
BLR,2012,3,6610.0,,7164339.0,9510741225.56917,65685102554.8759,1.8
BLR,2011,7,6260.0,,7122689.0,8910799764.83112,61757788944.7236,1.8
BLR,2010,6,6150.0,,7086808.0,6268304493.0987,57222490768.7143,1.8
BRA,2020,1413,7850.0,,185081854.0,,1444733258971.65,
BRA,2019,16436,9270.0,,183241634.0,135160096982.685,1877810514260.36,7.9
BRA,2018,23742,9170.0,93.2275009155273,181335496.0,141582241269.943,1916947014067.55,8.1
BRA,2017,24914,8700.0,93.0758209228516,179379296.0,198098499171.95895,2063507864886.88,8.5
BRA,2016,25526,8920.0,92.80844116210942,177386817.0,172819974548.62698,1795700168991.49,9.6
BRA,2015,24118,10190.0,92.0478973388672,175375428.0,185378275176.409,1802214373741.32,9.4
BRA,2014,27728,12120.0,91.72943115234379,173346780.0,269043508476.895,2455993625159.37,9.7
BRA,2013,35882,12790.0,91.4842376708984,171300683.0,316487448233.511,2472806919901.67,10.0
BRA,2012,42687,12310.0,91.3378524780273,169240747.0,300335446368.198,2465188674415.03,10.3
BRA,2011,40613,11080.0,91.4112396240234,167158531.0,334369645333.502,2616200980392.16,10.7
BRA,2010,38215,9650.0,90.37918090820308,165055096.0,269053884568.664,2208871646202.82,11.2
CAN,2020,5322,43440.0,,30997832.0,,1643407977068.93,
CAN,2019,31287,46460.0,,30631841.0,111635835577.287,1741576393905.98,3.3
CAN,2018,42803,44950.0,,30175132.0,104332004680.145,1721853332869.63,3.4
CAN,2017,46930,42900.0,,29729597.0,109140606325.039,1649265644244.09,3.4
CAN,2016,48569,43890.0,,29357013.0,77035193927.7626,1527994741907.43,3.5
CAN,2015,50382,47590.0,,29011826.0,90338911966.768,1556508816217.14,3.5
CAN,2014,57766,52200.0,,28781576.0,168712494259.604,1805749878439.94,3.6
CAN,2013,60167,52800.0,,28479640.0,162573177394.35,1846597421834.98,3.6
CAN,2012,60918,51080.0,,28166078.0,151164541518.724,1828366481521.6,3.7
CAN,2011,61791,47190.0,,27847821.0,148536883811.056,1793326630174.52,3.7
CAN,2010,60248,44490.0,,27522537.0,107318679910.666,1617343367486.26,3.7
CHE,2020,237,,,6383962.0,,747968636174.0079,
CHE,2019,1218,87950.0,,6332759.0,124719305617.413,731474367940.4291,2.8
CHE,2018,1132,85030.0,,6283319.0,115467902441.772,735889205256.251,2.8
CHE,2017,1395,81520.0,,6234162.0,87954339159.4,704478516963.855,2.9
CHE,2016,1790,85190.0,,6174416.0,106197779423.501,695600652899.283,2.9
CHE,2015,2044,88750.0,,6105617.0,119280685710.421,702149580770.901,3.0
CHE,2014,2115,89400.0,,6034707.0,105585243708.483,734396591036.932,3.0
CHE,2013,2023,91700.0,,5959745.0,118242578268.376,712748124222.61,3.0
CHE,2012,1890,87770.0,,5889928.0,121932183111.055,692109693986.886,3.1
CHE,2011,2229,82280.0,,5825978.0,118609048002.946,722038242134.62,3.1
CHE,2010,2347,79850.0,,5759681.0,120867583762.849,603434493402.679,3.1
CHL,2020,2880,13470.0,,16770077.0,,252940023046.01105,
CHL,2019,3651,14990.0,,16610132.0,15121898906.1504,279385487344.526,4.6
CHL,2018,3597,14550.0,,16400007.0,10492849785.1442,297571693064.212,4.7
CHL,2017,3203,13270.0,96.40228271484379,16159784.0,14074635248.0466,277034675515.671,4.9
CHL,2016,3170,13370.0,,15918735.0,18361668536.2706,250440149690.88895,5.0
CHL,2015,3554,14130.0,96.8741302490234,15698029.0,25635363411.7232,243919079437.37305,5.1
CHL,2014,3451,14940.0,,15504113.0,23103369526.6846,260541637327.864,5.2
CHL,2013,3622,15160.0,96.26705932617192,15330440.0,21090119279.6969,278384332694.359,5.3
CHL,2012,3485,14350.0,,15171199.0,22781829065.6513,267122320056.702,5.3
CHL,2011,2812,12340.0,96.70301055908199,15015966.0,17905682848.4994,252251992029.442,5.3
CHL,2010,1449,10750.0,96.818603515625,14857028.0,18647672155.5061,218537551220.071,5.3
CHN,2020,4016094,10610.0,,861289359.0,,14722730697890.1,
CHN,2019,4291056,10390.0,,842933962.0,3558212991232.83,14279937467431.0,3.9
CHN,2018,4065341,9600.0,96.8408889770508,823827650.0,3571559471537.01,13894817549380.3,4.2
CHN,2017,3715036,8740.0,,803554542.0,3270744862454.25,12310409370894.2,4.5
CHN,2016,3220467,8270.0,,782199374.0,2838223352219.83,11233276536744.7,4.9
CHN,2015,2799411,7940.0,,761027100.0,2807926880783.23,11061553079871.5,5.4
CHN,2014,2355265,7510.0,,740239259.0,2805340641861.3,10475682920597.7,5.9
CHN,2013,2166806,6770.0,,719587859.0,2515465850948.58,9570406235659.64,6.4
CHN,2012,2024897,5930.0,,699187267.0,2329984223812.73,8532229986993.65,7.0
CHN,2011,1577341,5050.0,,678933504.0,1959022384126.65,7551500124197.17,7.6
CHN,2010,1190859,4340.0,95.12448120117192,658498663.0,1861782635940.66,6087163874510.73,8.4
COL,2020,1688,5780.0,,41431388.0,,271346896626.418,
COL,2019,2225,6580.0,,40827302.0,9669588404.90482,323429888934.257,7.5
COL,2018,2148,6260.0,95.0925064086914,40115208.0,11452249137.7237,334198214706.209,7.7
COL,2017,1047,5930.0,,39346013.0,13198317859.757,311883730690.12897,8.0
COL,2016,178,6460.0,94.6538467407227,38592067.0,15065161548.5381,282825009887.458,8.2
COL,2015,554,7330.0,94.2450485229492,37904385.0,13523007465.9354,293481748240.779,8.5
COL,2014,2105,8200.0,94.18624877929692,37299404.0,14523389761.6695,381112119657.445,8.8
COL,2013,2165,7950.0,,36759801.0,11904624792.9266,382116126448.554,9.1
COL,2012,1922,7290.0,,36262053.0,9317179941.011309,370921320483.841,9.4
COL,2011,1886,6310.0,93.5805282592773,35769913.0,9964732811.6672,334943871931.745,9.7
COL,2010,1773,5620.0,93.3723297119141,35257425.0,12562830779.3846,286563105192.456,10.0
CRI,2020,53,11460.0,,4114567.0,,61520669890.4037,
CRI,2019,287,12070.0,,4041885.0,9023759390.50155,63951114302.2599,6.2
CRI,2018,423,11930.0,97.8637924194336,3966558.0,9320604458.03262,62335931464.4979,6.2
CRI,2017,431,11500.0,,3888685.0,8967255583.0724,60516043590.1832,6.2
CRI,2016,662,11100.0,,3808499.0,8888836825.44475,58847016044.7363,6.2
CRI,2015,1064,10700.0,,3726120.0,7950378107.34188,56441917652.9812,6.2
CRI,2014,733,10350.0,,3641667.0,6734690783.39819,52016408950.8936,6.3
CRI,2013,646,9930.0,,3555161.0,6738205227.05503,50949672205.9168,6.4
CRI,2012,643,9280.0,,3466591.0,6789162141.54772,47231651864.8284,6.5
CRI,2011,679,8090.0,97.4065780639648,3376037.0,5635823563.82938,42762617081.6522,6.6
CRI,2010,657,7260.0,,3283623.0,5659813389.97079,37658614803.2775,6.7
CUB,2020,,,,8743468.0,,,
CUB,2019,40,,,8739136.0,,103131000000.0,2.2
CUB,2018,99,,,8734568.0,,100050000000.0,2.2
CUB,2017,155,,,8728618.0,,96851000000.0,2.2
CUB,2016,236,7480.0,,8720099.0,,91370000000.0,2.3
CUB,2015,315,7230.0,,8708301.0,,87133000000.0,2.4
CUB,2014,311,6840.0,,8690603.0,,80656000000.0,2.4
CUB,2013,288,6640.0,,8668177.0,,77148000000.0,2.5
CUB,2012,270,6280.0,99.75253295898442,8643323.0,,73141000000.0,2.6
CUB,2011,329,5930.0,,8617291.0,,68990000000.0,2.8
CUB,2010,276,5610.0,,8598651.0,,64328000000.0,2.9
CYP,2020,,26110.0,,806771.0,,23804340376.9275,
CYP,2019,349,27930.0,,800707.0,1923127685.74747,24949065263.6292,1.3
CYP,2018,1358,26990.0,,794546.0,1945828706.2509,25309818138.8758,1.4
CYP,2017,1341,24710.0,,788454.0,1684595837.66872,22729184365.1152,1.4
CYP,2016,1336,24710.0,,782634.0,1158700637.16887,20953442550.3653,1.5
CYP,2015,1189,25980.0,,777234.0,979306709.877378,19842404304.8929,1.6
CYP,2014,1084,26530.0,,772396.0,229944927.43324,23156850006.6427,1.7
CYP,2013,1155,27830.0,,767957.0,797542722.397083,23900872625.8467,1.7
CYP,2012,1252,29680.0,,763443.0,1245083628.4779198,24978513426.6992,1.8
CYP,2011,1256,32550.0,98.6784286499023,758208.0,2676329544.48743,27565469097.9955,1.9
CYP,2010,1132,32040.0,,751584.0,1652651734.93174,25732432719.0773,2.0
CZE,2020,1207,,,7923709.0,,243530379896.81305,
CZE,2019,1973,21930.0,,7888753.0,20094339667.3362,250686478649.064,1.6
CZE,2018,2008,20520.0,,7844036.0,21613698095.635,248950103352.137,1.6
CZE,2017,2142,18310.0,,7805452.0,19543530249.435,218628940951.675,1.6
CZE,2016,2101,17670.0,99.8330307006836,7773650.0,17893936425.0663,196272068576.338,1.6
CZE,2015,2544,18370.0,,7748928.0,18497384278.0843,188033050459.881,1.6
CZE,2014,2616,18900.0,,7723921.0,12552438753.7538,209358834156.32895,1.6
CZE,2013,2990,19410.0,,7705910.0,9930309453.77327,211685616592.93106,1.6
CZE,2012,2941,19440.0,,7693579.0,10207056179.4123,208857719320.649,1.6
CZE,2011,2629,19460.0,,7681562.0,7940093638.576879,229562733398.948,1.6
CZE,2010,2676,19400.0,,7673029.0,7454301249.804979,209069940963.177,1.7
DEU,2020,22042,46980.0,,64472284.0,,3806060140124.52,
DEU,2019,68445,48550.0,,64294010.0,530268430388.621,3861123558039.21,2.3
DEU,2018,74972,47140.0,,64096118.0,571104320149.723,3961831911429.22,2.3
DEU,2017,77590,43650.0,,63861626.0,533072153305.564,3673506280844.4,2.3
DEU,2016,78365,44250.0,,63592936.0,499776735456.546,3467498002104.33,2.3
DEU,2015,78700,45750.0,,63062064.0,478050571611.615,3356235704119.75,2.3
DEU,2014,79646,47620.0,,62510392.0,526016680661.721,3883920155292.26,2.3
DEU,2013,78480,47190.0,,62242278.0,459874680178.108,3732743446218.92,2.3
DEU,2012,77417,46530.0,,62064608.0,451579357245.877,3527344944139.83,2.3
DEU,2011,77926,47220.0,,61940177.0,524282128327.39,3744408602683.94,2.3
DEU,2010,77747,44550.0,,62940432.0,400969717285.294,3396354075663.73,2.3
DNK,2020,314,62720.0,,5138400.0,,355184024841.254,
DNK,2019,1110,64000.0,,5116342.0,76379949137.9503,350104327658.675,3.0
DNK,2018,2234,61340.0,,5091100.0,70163691872.2731,356879499797.896,3.1
DNK,2017,4102,56690.0,,5059173.0,64480299331.3702,332121063806.391,3.2
DNK,2016,5871,58040.0,,5020143.0,61519098552.8766,313115929314.339,3.2
DNK,2015,7026,60510.0,,4974525.0,56565474834.1112,302673070846.857,3.3
DNK,2014,7578,63670.0,,4932961.0,63975494500.6138,352993631617.70795,3.2
DNK,2013,7996,63200.0,,4901386.0,57378832755.875,343584391647.927,3.2
DNK,2012,7940,61650.0,,4872608.0,42586119069.0344,327148943812.13696,3.1
DNK,2011,8187,61990.0,,4844002.0,49982506433.9798,344003137611.271,3.0
DNK,2010,7874,61220.0,,4815111.0,43057289072.9961,321995279401.502,2.9
DOM,2020,,7260.0,,8953860.0,,78844702329.0785,
DOM,2019,203,8100.0,,8787474.0,17087169566.6527,88941299733.5018,19.4
DOM,2018,220,7780.0,,8615853.0,15950013783.2053,85555378042.8196,20.0
DOM,2017,276,7090.0,,8439610.0,14147373459.0826,79997975621.8654,20.5
DOM,2016,297,6860.0,93.7784576416016,8259547.0,13441271619.4788,75704720189.5607,21.0
DOM,2015,257,6580.0,91.9912109375,8077901.0,12714515370.051,71164825256.6849,21.4
DOM,2014,274,6330.0,91.76376342773442,7895297.0,10487418516.0897,67179914026.9623,21.8
DOM,2013,275,6030.0,90.85814666748051,7711913.0,9012594652.38611,62682163837.347,22.2
DOM,2012,277,5790.0,90.15518188476558,7527833.0,8450619061.040291,60681537195.7996,22.4
DOM,2011,318,5540.0,90.1063766479492,7342937.0,7843625755.14272,58029750745.6495,22.6
DOM,2010,368,5330.0,89.53872680664058,7150440.0,8021046208.35885,53860175555.9961,22.8
DZA,2020,,3550.0,,32332690.0,,145163902228.168,
DZA,2019,,4010.0,,31510100.0,34611622800.688,171157803367.47302,16.3
DZA,2018,,3980.0,81.4078369140625,30670076.0,37302921758.943,175414987760.927,16.0
DZA,2017,,3940.0,,29821728.0,37184366976.3347,170097230857.956,15.5
DZA,2016,,4370.0,,28977623.0,36087872502.4518,160034162957.738,15.1
DZA,2015,,4850.0,,28146508.0,31351706628.3253,165979173991.026,15.0
DZA,2014,,5490.0,,27332603.0,48341684986.9136,213810023703.446,15.6
DZA,2013,,5510.0,,26536380.0,49391932942.7759,209755003250.664,16.4
DZA,2012,,5170.0,,25763114.0,51163222905.6392,209058991952.125,16.9
DZA,2011,,4600.0,,25016299.0,50261799678.5639,200013038488.906,17.1
DZA,2010,,4480.0,,24299170.0,46387500355.0971,161207310515.42,17.5
ECU,2020,490,5530.0,,11320846.0,,98808010000.0,
ECU,2019,603,6100.0,,11116708.0,6173779198.10816,108108009000.0,7.1
ECU,2018,774,6090.0,,10903409.0,7025275190.85552,107562008000.0,7.2
ECU,2017,599,5860.0,92.8297882080078,10687236.0,9697754649.042429,104295862000.0,7.5
ECU,2016,275,5810.0,94.35022735595699,10477466.0,10267250556.8388,99937696000.0,7.7
ECU,2015,362,5970.0,94.45565795898442,10278098.0,9366769204.86809,99290381000.0,7.9
ECU,2014,481,6110.0,94.2226409912109,10091288.0,10997353231.4367,101726331000.0,8.1
ECU,2013,689,5810.0,93.2946319580078,9915342.0,10652687694.0057,95129659000.0,8.3
ECU,2012,769,5390.0,92.06472778320308,9746825.0,9505026762.566021,87924544000.0,8.6
ECU,2011,702,4870.0,91.5868988037109,9580934.0,7500286705.60242,79276664000.0,8.9
ECU,2010,793,4390.0,91.8540420532227,9410467.0,5804651028.77246,69555367000.0,9.2
EGY,2020,,3000.0,,43781728.0,,363069245165.315,
EGY,2019,,2690.0,,42895825.0,16691914252.2251,303080865603.645,11.1
EGY,2018,,2790.0,,42030815.0,8251398521.9603,249712999437.254,11.5
EGY,2017,,3030.0,71.1682510375977,41185808.0,1797091217.3014398,235733695652.174,12.0
EGY,2016,,3440.0,,40359122.0,10850744482.4255,332441717791.411,12.4
EGY,2015,,3340.0,,39551545.0,11886938892.6318,329366576819.407,12.8
EGY,2014,,3230.0,,38737024.0,8530525070.94417,305595408895.265,13.4
EGY,2013,22,3030.0,72.442497253418,37919407.0,10494615824.9335,288434108527.132,13.9
EGY,2012,134,2840.0,73.865592956543,37114895.0,6255144763.8299,279116666666.667,14.5
EGY,2011,306,2560.0,,36347578.0,9343140801.20162,235989672977.625,15.2
EGY,2010,447,2370.0,72.0478515625,35603060.0,14858901980.0642,218983666061.706,15.9
ESP,2020,5947,,,38264801.0,,1281199091016.35,
ESP,2019,6728,30330.0,,37973121.0,150685411046.418,1393490524517.64,1.8
ESP,2018,9110,29320.0,98.4365005493164,37588424.0,148600480561.60098,1421459363680.67,1.8
ESP,2017,14454,27070.0,,37311863.0,133230159085.877,1309297246509.31,1.9
ESP,2016,20126,27530.0,98.2505111694336,37112875.0,120090948195.139,1232076017361.53,1.9
ESP,2015,23752,28430.0,98.1432571411133,36971015.0,103764984840.96,1195119269971.52,1.9
ESP,2014,27575,29130.0,98.09371948242192,36890017.0,97720033277.3256,1369398844599.58,2.0
ESP,2013,28462,29210.0,98.07913208007808,36891840.0,92674288683.0051,1354757433212.72,2.0
ESP,2012,29229,29520.0,97.89453887939449,36904876.0,79072256332.9162,1324820091194.67,2.1
ESP,2011,29509,30950.0,97.78375244140629,36773882.0,91568820892.5731,1478772824224.03,2.1
ESP,2010,29421,31880.0,97.7489013671875,36535850.0,104758311912.807,1420722034063.0,2.1
EST,2020,10,,,921477.0,,31029968591.2779,
EST,2019,49,23230.0,,916236.0,4848954252.91186,31471100656.2431,1.1
EST,2018,50,21320.0,,910578.0,4584700440.49813,30616184212.1592,1.1
EST,2017,59,18820.0,,905267.0,3884890283.3908296,26885077004.7802,1.2
EST,2016,75,18410.0,,902145.0,2973622261.98852,24259552888.9717,1.3
EST,2015,76,18680.0,,899949.0,2768366302.002589,23048864242.6072,1.4
EST,2014,121,18990.0,,897427.0,3692209431.46765,26773473625.1921,1.5
EST,2013,90,18250.0,,897846.0,3030881694.42776,25271406707.566,1.7
EST,2012,82,16890.0,,899089.0,2885619062.06223,23192708981.8446,1.8
EST,2011,176,15990.0,99.8857879638672,902194.0,2798215893.98059,23394844085.1226,2.0
EST,2010,217,14700.0,,906655.0,1575584123.01592,19685038567.3462,2.2
FIN,2020,360,49620.0,,4729705.0,,271233883403.892,
FIN,2019,1038,49960.0,,4717991.0,28098091487.0578,268966065200.0,1.4
FIN,2018,1530,48230.0,,4709266.0,27839771217.3517,275849574507.692,1.4
FIN,2017,1736,44790.0,,4699884.0,24764853384.0377,255016517537.983,1.4
FIN,2016,1747,45500.0,,4686120.0,19481847310.9496,240607907010.383,1.4
FIN,2015,1614,47150.0,,4669930.0,18056506950.5188,234440080998.273,1.4
FIN,2014,1772,49390.0,,4651843.0,20983754703.5892,274497230802.958,1.4
FIN,2013,2050,49480.0,,4629925.0,19966668144.1198,271285280621.37305,1.4
FIN,2012,2154,48940.0,,4593267.0,21656427862.4143,258304834621.605,1.5
FIN,2011,3702,50150.0,,4543014.0,26628308949.0803,275243697751.011,1.6
FIN,2010,4407,49600.0,,4492880.0,25925907543.0826,249181190476.369,1.7
FRA,2020,1063,,,54570334.0,,2603004395901.95,
FRA,2019,17746,42290.0,,54275936.0,255018267305.56894,2715518274227.45,2.7
FRA,2018,23676,41080.0,,53979477.0,261898896854.654,2786502569559.77,2.6
FRA,2017,25038,38270.0,,53654868.0,240858515314.612,2588740901639.81,2.5
FRA,2016,26195,39070.0,,53323902.0,213607496410.282,2471285607081.72,2.4
FRA,2015,26762,41100.0,,53009026.0,219549156032.807,2438207896251.84,2.4
FRA,2014,27112,43320.0,,52647802.0,232215479087.945,2852165760630.27,2.4
FRA,2013,28116,43780.0,,52228059.0,224369974049.895,2811077725703.59,2.3
FRA,2012,27429,43380.0,,51791148.0,218238007549.93106,2683825225092.63,2.2
FRA,2011,27259,44350.0,,51373808.0,256980366849.264,2861408170264.6,2.2
FRA,2010,26752,43850.0,,50961405.0,214969042040.794,2642609548930.36,2.3
GBR,2020,19436,,,56395647.0,,2707743777173.91,
GBR,2019,27669,42130.0,,55909924.0,,2830813507746.87,2.8
GBR,2018,33362,41740.0,,55426598.0,83637885969.7196,2857316524862.61,2.8
GBR,2017,36888,41280.0,,54923317.0,96859072642.8835,2662484018735.82,2.8
GBR,2016,37295,42940.0,,54382825.0,61060110799.0177,2693247611031.81,2.7
GBR,2015,41968,44340.0,,53802927.0,86532259934.1434,2932784751846.27,2.7
GBR,2014,42375,44400.0,,53209683.0,82071224748.2119,3065521109394.94,2.7
GBR,2013,43571,42730.0,,52650595.0,29653729662.9334,2783251090198.95,2.8
GBR,2012,42515,41690.0,,52130345.0,43343558420.1689,2704017284861.91,2.9
GBR,2011,40119,41060.0,,51600211.0,79671100304.3708,2659882040934.51,3.0
GBR,2010,38163,41740.0,,51030310.0,64681853806.0496,2481579504997.81,3.0
GEO,2020,13,4290.0,,2208084.0,,15891688903.1843,
GEO,2019,58,4690.0,,2196346.0,1392404273.41943,17477255562.2583,4.9
GEO,2018,81,4460.0,,2184950.0,1091224772.8019,17599700090.762,5.2
GEO,2017,116,4040.0,99.3642578125,2170854.0,635283187.6583152,16242916915.7203,5.6
GEO,2016,149,4080.0,,2155877.0,294691137.40637004,15141758566.7808,6.1
GEO,2015,169,4410.0,,2140097.0,-113428551.738143,14953950557.4406,6.7
GEO,2014,185,4740.0,99.58618927001949,2122558.0,338586130.640343,17627003454.7205,7.3
GEO,2013,173,4530.0,,2107360.0,336958928.605533,17189551520.9811,7.9
GEO,2012,149,4150.0,,2099468.0,138208021.40235,16488403076.3641,8.6
GEO,2011,149,3520.0,,2100564.0,-544396457.388521,15107441446.7833,9.3
GEO,2010,222,3210.0,,2102941.0,-367770803.040348,12243505582.6741,10.1
GRC,2020,100,,,8541900.0,,189410106620.016,
GRC,2019,372,19690.0,,8511650.0,-6590411064.24883,205326724570.227,2.3
GRC,2018,456,19050.0,97.9359512329102,8485202.0,-10274273826.3922,212146107548.996,2.4
GRC,2017,534,17940.0,,8466513.0,-10154596897.72,199630819054.302,2.6
GRC,2016,585,18590.0,,8446960.0,-11400308712.8018,192732474229.218,2.6
GRC,2015,548,20140.0,,8445266.0,-10974546532.3308,195317994377.197,2.7
GRC,2014,665,22000.0,,8463623.0,-14193386950.895,235295470067.17606,2.6
GRC,2013,623,22370.0,,8482139.0,-16217568653.2753,238484046041.178,2.5
GRC,2012,493,23170.0,,8505100.0,-21891460517.3642,242053529231.14606,2.3
GRC,2011,618,24510.0,97.3687362670898,8511794.0,-35886666473.1435,282625610892.477,2.2
GRC,2010,652,27530.0,,8484693.0,-29879508046.5487,296835346570.223,2.1
GTM,2020,,4490.0,,8738685.0,,77604632170.5853,
GTM,2019,3,4610.0,,8540945.0,4384763890.05879,77020015201.3201,12.2
GTM,2018,13,4400.0,,8345772.0,2223722477.8765,73208583758.9105,12.6
GTM,2017,139,4100.0,,8153103.0,1518665669.95883,71654134378.5299,13.0
GTM,2016,147,3870.0,,7964335.0,1496320093.05445,66053725049.0138,13.5
GTM,2015,184,3700.0,,7779195.0,1525587700.8705301,62186186575.7433,14.0
GTM,2014,238,3550.0,81.2858963012695,7597137.0,-343558183.77803,57852399963.7878,14.5
GTM,2013,335,3380.0,77.0386734008789,7418337.0,-336841720.25248903,52996540703.5943,15.0
GTM,2012,265,3160.0,78.2648620605469,7243152.0,563417650.345574,49593961141.7484,15.4
GTM,2011,66,2910.0,,7072123.0,45732734.8307992,46876114650.4996,15.8
GTM,2010,109,2730.0,,6902116.0,109047002.345391,40676432028.5934,16.2
HKG,2020,,48630.0,,7481800.0,,346585881503.635,
HKG,2019,1593,50480.0,,7507400.0,,363016373358.517,
HKG,2018,12018,50060.0,,7451000.0,,361691522612.745,
HKG,2017,704,46390.0,,7391700.0,,341244161576.759,
HKG,2016,13022,42970.0,,7336600.0,,320837638328.846,
HKG,2015,12417,41180.0,,7291300.0,,309383627028.56104,
HKG,2014,4686,40240.0,,7229500.0,,291459356985.337,
HKG,2013,5891,38570.0,,7178900.0,,275696879834.966,
HKG,2012,5751,36340.0,,7150100.0,,262629441493.476,
HKG,2011,5777,35690.0,,7071600.0,,248513617677.287,
HKG,2010,5594,33620.0,,7024200.0,,228637697575.04,
HND,2020,,2200.0,,5780230.0,,23827840809.7014,
HND,2019,,2390.0,,5626432.0,5166403953.63445,25089976946.7736,9.2
HND,2018,,2330.0,87.2052383422852,5474092.0,4468236981.12292,24067778953.842003,9.5
HND,2017,,2250.0,,5323340.0,5056049170.25433,23136232229.6069,9.8
HND,2016,,2120.0,88.9874801635742,5174308.0,3988121587.531,21717622071.3816,10.1
HND,2015,2,2060.0,87.90682983398442,5027133.0,3824526740.9733796,20979767785.2104,10.5
HND,2014,14,2010.0,87.1975326538086,4882044.0,2520188090.48279,19756494434.7031,10.9
HND,2013,40,2010.0,85.46441650390629,4738709.0,1999862615.30081,18499710127.8385,11.3
HND,2012,125,1970.0,85.3555526733398,4597021.0,2680120239.43887,18528601901.324,11.8
HND,2011,174,1880.0,85.1232986450195,4455998.0,2967729378.96459,17710315005.9999,12.2
HND,2010,153,1740.0,84.7553634643555,4315518.0,2277277123.7818604,15839344591.9842,12.8
HRV,2020,1984,14190.0,,2329285.0,,55966581780.1688,
HRV,2019,2302,14990.0,,2327032.0,7923330911.186991,60752588976.3175,2.9
HRV,2018,2215,14080.0,,2327904.0,7807861738.51308,61375222347.0256,2.9
HRV,2017,2060,12680.0,,2337248.0,6959643933.76541,55481644098.0495,3.0
HRV,2016,1836,12380.0,,2354458.0,5321487329.79335,51601147665.8089,3.0
HRV,2015,1484,12970.0,,2360534.0,5483975407.55826,49525747503.8149,3.1
HRV,2014,1312,13260.0,,2370234.0,3607515860.51503,57639588805.5871,3.2
HRV,2013,1244,13580.0,,2370674.0,3066524398.41335,58194069434.1423,3.2
HRV,2012,1101,13440.0,,2368751.0,1790039803.45285,56580819623.8529,3.3
HRV,2011,1003,14040.0,99.12535858154301,2368126.0,2630668434.3266397,62537851352.4904,3.4
HRV,2010,758,14090.0,,2369143.0,2729832793.72398,59918313669.1671,3.6
HUN,2020,135,,,7014174.0,,155012927629.087,
HUN,2019,390,16530.0,,7000436.0,24266988753.5085,163503650313.081,2.0
HUN,2018,790,15010.0,,6974963.0,22452600946.6641,160431092908.646,2.2
HUN,2017,1604,13190.0,,6955524.0,16278527570.7028,142961605733.026,2.3
HUN,2016,2586,13100.0,,6946267.0,15593220308.2045,128470534117.954,2.5
HUN,2015,3353,13250.0,,6939335.0,14753343707.2776,125074286021.14,2.7
HUN,2014,3727,13560.0,99.0999984741211,6928924.0,14830602786.1002,140765018880.633,2.9
HUN,2013,4002,13500.0,,6920508.0,12447973991.5353,135411698965.109,3.0
HUN,2012,3911,13060.0,,6912310.0,6487025638.00075,128475498380.379,3.2
HUN,2011,3386,13250.0,,6916190.0,8164874633.219141,141759722464.00198,3.3
HUN,2010,3709,13260.0,,6891116.0,7529065333.883491,131916516051.985,3.4
IDN,2020,,3870.0,,154926514.0,,1058423838345.14,
IDN,2019,,4050.0,,151509724.0,160276635906.743,1119091259074.62,12.4
IDN,2018,,3840.0,95.65856170654301,148088731.0,155218014704.893,1042271531011.99,12.9
IDN,2017,,3530.0,,144655573.0,144763096497.87,1015618742565.81,13.4
IDN,2016,,3400.0,95.3769683837891,141211677.0,123500060725.023,931877364177.742,13.9
IDN,2015,2,3430.0,95.2179336547852,137751866.0,98200220788.8388,860854235065.0791,14.5
IDN,2014,,3620.0,95.11621856689449,134286663.0,95577870070.5582,890814755233.225,15.2
IDN,2013,1,3730.0,,130825451.0,99436967115.2058,912524136718.018,15.7
IDN,2012,1,3580.0,,127396101.0,101056916239.183,917869910105.749,16.3
IDN,2011,,3010.0,92.8119125366211,124016434.0,100046646870.627,892969107923.0941,16.8
IDN,2010,,2530.0,,120709136.0,84223922059.1622,755094160363.0709,17.4
IND,2020,1,1900.0,,481980332.0,,2622983732006.45,
IND,2019,7,2120.0,,471031529.0,459180730291.4871,2870504096717.48,21.7
IND,2018,17,2010.0,74.3729934692383,460304169.0,511683730402.529,2701111782774.57,22.6
IND,2017,18,1820.0,,449795398.0,521017477723.5471,2651472946375.05,23.7
IND,2016,34,1680.0,,439501314.0,434274137037.058,2294797980509.51,24.7
IND,2015,4754,1600.0,,429428650.0,427165906616.933,2103587813812.2,25.9
IND,2014,13359,1560.0,,419567353.0,422243527447.83295,2039127446299.3,27.1
IND,2013,3766,1520.0,,409907903.0,398169768646.26,1856722121394.42,28.3
IND,2012,4248,1480.0,,400416922.0,408272465642.383,1827637859136.23,29.5
IND,2011,111,1360.0,69.3025588989258,391040056.0,404711304915.165,1823049927772.05,30.7
IND,2010,105,1220.0,,381763164.0,397753450793.9821,1675615335600.56,32.0
IRL,2020,107,,,3179292.0,,418621818482.305,
IRL,2019,161,63470.0,,3128618.0,54947978626.9606,398590210120.337,2.1
IRL,2018,580,60450.0,,3074684.0,46379054642.1333,385967106117.099,2.2
IRL,2017,211,53750.0,,3026107.0,41183173326.2919,338503196943.167,2.3
IRL,2016,250,51860.0,,2983355.0,40314387571.9558,299556360839.63104,2.3
IRL,2015,455,50390.0,,2940510.0,34837603588.7352,291521892625.047,2.4
IRL,2014,259,46360.0,,2903635.0,34566572473.7826,258909619169.7,2.5
IRL,2013,310,43430.0,,2873286.0,24945444995.3281,238483849535.574,2.5
IRL,2012,313,40600.0,,2849043.0,14537565170.4257,224984397510.31,2.5
IRL,2011,274,41950.0,,2827835.0,15916471026.0752,237644567329.29105,2.5
IRL,2010,414,44820.0,,2806411.0,16316404254.595,222071182064.214,2.5
ISL,2020,1,,,344066.0,,21714670569.6033,
ISL,2019,26,72930.0,,338406.0,4246113040.26608,24836714771.4638,1.0
ISL,2018,17,67760.0,,330898.0,2935372132.65733,26224228693.3954,1.0
ISL,2017,14,60230.0,,322016.0,3470522784.9603,24728285177.4603,1.1
ISL,2016,7,54910.0,,314424.0,3121817547.98719,20793168030.9524,1.1
ISL,2015,10,49940.0,,309974.0,2122632873.8562105,17517210519.0912,1.1
ISL,2014,17,48090.0,,306653.0,1626635465.72227,17867662177.8911,1.2
ISL,2013,12,46960.0,,303150.0,1299185705.48109,16125060515.3117,1.2
ISL,2012,6,40690.0,,300190.0,-239055966.09493,14751508133.5443,1.2
ISL,2011,26,37610.0,,298556.0,-584603523.212921,15221622925.9319,1.3
ISL,2010,35,36270.0,,297604.0,,13751161917.7398,1.3
ISR,2020,6974,,,8533651.0,,401953804837.08704,
ISR,2019,7174,43070.0,,8375041.0,64709971708.9097,394652208893.1379,1.9
ISR,2018,8214,40840.0,,8209306.0,58558972802.00401,370455651179.958,2.0
ISR,2017,9295,37580.0,,8045513.0,57165555759.4489,352667925811.02795,2.0
ISR,2016,9251,36340.0,,7884198.0,51796895790.2462,318616506157.945,2.0
ISR,2015,8518,36060.0,,7724692.0,50126609745.1504,300122499721.281,2.1
ISR,2014,8496,36020.0,,7566988.0,50060691948.7334,310047504908.57104,2.1
ISR,2013,7070,34320.0,,7417238.0,41942632857.634,292692657451.921,2.2
ISR,2012,7904,32220.0,,7274496.0,31907116178.6262,257173086463.689,2.3
ISR,2011,9945,31450.0,,7136149.0,35501398830.7675,261013927690.22305,2.3
ISR,2010,8923,29670.0,,7000447.0,30753350011.0153,234000056700.031,2.4
ITA,2020,,32200.0,,42306582.0,,1886445268340.71,
ITA,2019,4291,34830.0,,42249963.0,133121049268.987,2004913357800.0,1.9
ITA,2018,8496,33810.0,99.15576171875,42559879.0,140573687632.174,2091117091124.1,2.0
ITA,2017,7984,31340.0,,42462869.0,122546696756.59697,1956950469673.29,2.0
ITA,2016,9567,31950.0,,42351339.0,101364157729.438,1875797463583.87,2.1
ITA,2015,6204,32980.0,,42247229.0,64827670506.2307,1835899237320.04,2.1
ITA,2014,2336,34890.0,,42109853.0,83642117452.366,2159133919743.77,2.2
ITA,2013,11311,35550.0,,41548775.0,62753645019.9743,2141315327318.21,2.2
ITA,2012,11475,36200.0,,40894259.0,51168458212.8283,2087077032435.15,2.3
ITA,2011,12243,37900.0,98.8482818603516,40641670.0,73844487269.6926,2291991045770.29,2.4
ITA,2010,17172,37850.0,,40502481.0,68115388632.7291,2134017843247.16,2.4
JOR,2020,240,4310.0,,9327507.0,,43697659275.3137,
JOR,2019,281,4410.0,,9213051.0,4390510901.57039,44502895915.493,9.2
JOR,2018,103,4270.0,98.22711181640629,9066350.0,2585445338.3297,42932112676.0563,9.5
JOR,2017,85,4080.0,,8880356.0,1252367689.30715,41408960845.0704,9.8
JOR,2016,131,4000.0,,8647202.0,1649899914.49047,39892551126.7606,10.0
JOR,2015,121,3950.0,,8363638.0,2553683326.7639,38587017887.3239,10.4
JOR,2014,108,3920.0,,8026940.0,3513413462.79711,36847643521.1268,10.7
JOR,2013,120,3830.0,,7592552.0,2515109386.4364,34454440140.8451,11.0
JOR,2012,121,3720.0,97.89031982421879,7134134.0,1460704706.95867,31634561690.1408,11.3
JOR,2011,99,3620.0,95.90444946289058,6679867.0,3301609706.91143,29524149154.9296,11.6
JOR,2010,120,3520.0,92.5510406494141,6251315.0,4692370288.07749,27133804225.3521,12.0
JPN,2020,69782,,,115494817.0,,,
JPN,2019,265059,41580.0,,115782416.0,,5064872875604.59,0.8
JPN,2018,344852,41150.0,,115920900.0,356265042595.367,4954806619995.19,0.9
JPN,2017,418821,38490.0,,116053379.0,381342335969.17896,4866864409657.68,0.9
JPN,2016,510827,37860.0,,116145370.0,344259078163.304,4922538141454.62,0.9
JPN,2015,522392,38840.0,,116182717.0,285915372725.23303,4389475622588.97,0.9
JPN,2014,538769,43950.0,,116208079.0,186520206192.474,4850413536037.84,0.9
JPN,2013,515523,48280.0,,116262976.0,177025588630.08102,5155717056270.83,1.0
JPN,2012,520255,49480.0,,116331281.0,184329669517.318,6203213121334.12,1.0
JPN,2011,496774,46880.0,,116416235.0,187693888406.672,6157459594823.72,1.0
JPN,2010,497161,43440.0,,116302928.0,222313356456.266,5700098114744.41,1.1
KAZ,2020,,8680.0,,10815873.0,,169835426427.153,
KAZ,2019,,8820.0,,10652767.0,8501738975.09948,181667190075.54105,4.7
KAZ,2018,1,8070.0,99.7816314697266,10495801.0,6097420476.5201,179339994859.38394,4.7
KAZ,2017,1,8040.0,,10342139.0,9147022065.34582,166805800595.704,4.8
KAZ,2016,,8770.0,,10189588.0,6228893390.66512,137278320084.171,5.1
KAZ,2015,,11380.0,,10032906.0,16449532450.3957,184388432148.715,5.6
KAZ,2014,2,12080.0,,9874723.0,19338943446.3104,221415572819.5,6.3
KAZ,2013,,11840.0,,9718100.0,17263732476.3322,236634552078.102,7.3
KAZ,2012,4,9940.0,,9566957.0,13635961864.0255,207998568865.78894,8.6
KAZ,2011,3,8280.0,,9421048.0,14301031231.5066,192626507971.584,10.1
KAZ,2010,8,7440.0,99.7816314697266,9275230.0,6864814171.89367,148047348240.643,11.8
KEN,2020,,1760.0,,15053275.0,,98842939649.1149,
KEN,2019,,1750.0,,14461521.0,-3801180764.3181,95503088538.092,21.0
KEN,2018,,1600.0,81.53497314453129,13891412.0,-2630731806.9351697,87778582964.1388,21.5
KEN,2017,,1420.0,,13339741.0,-2111550614.79236,78965004656.1823,21.9
KEN,2016,,1350.0,,12804902.0,1098449539.23296,69188755364.2995,22.3
KEN,2015,,1290.0,,12284624.0,360021306.340079,64007750169.3344,22.7
KEN,2014,,1240.0,78.733039855957,11778223.0,-256446716.58411095,61448046801.6041,23.1
KEN,2013,,1130.0,,11286225.0,243506540.65244105,55096728047.9408,23.4
KEN,2012,,1050.0,,10809164.0,1492566200.75032,50412754861.0191,23.7
KEN,2011,,990.0,,10349400.0,1415343172.34696,41953433591.4101,24.1
KEN,2010,,960.0,,9907053.0,1383368903.64508,40000088346.8041,24.5
KGZ,2020,,1160.0,,2429400.0,,7735976612.641629,
KGZ,2019,,1240.0,,2362388.0,624183844.7719308,8871019822.767029,12.3
KGZ,2018,,1220.0,99.58599853515629,2298401.0,950672164.520078,8271106196.04265,12.8
KGZ,2017,,1110.0,,2239720.0,670752803.7387509,7702934800.12836,13.4
KGZ,2016,,1110.0,,2185215.0,479036424.11009806,6813092065.835072,14.1
KGZ,2015,,1180.0,,2131200.0,-573568098.829162,6678178340.45121,14.7
KGZ,2014,,1250.0,,2079480.0,-565339221.152091,7468096566.711579,15.2
KGZ,2013,,1190.0,,2031430.0,-523736829.064629,7335027591.91628,15.6
KGZ,2012,1,1040.0,,1986238.0,106261309.391076,6605139933.410629,16.0
KGZ,2011,,880.0,,1949521.0,249984627.31758,6197766118.59856,16.5
KGZ,2010,1,850.0,,1923436.0,217961791.516668,4794357795.07139,17.2
KOR,2020,30122,32860.0,,42156641.0,,1630525005469.11,
KOR,2019,66428,33790.0,,42106719.0,295218348389.994,1646739219509.89,1.5
KOR,2018,91333,32730.0,,42038247.0,346995312739.383,1724845615629.26,1.6
KOR,2017,158651,30300.0,,41861498.0,352440268233.89795,1623901496835.79,1.6
KOR,2016,273945,29330.0,,41774264.0,321187812267.081,1500111596236.37,1.6
KOR,2015,300426,28720.0,,41645542.0,306440013798.553,1465773245547.15,1.6
KOR,2014,313530,28160.0,,41463573.0,287690180931.526,1484318219633.63,1.7
KOR,2013,313812,26980.0,,41240244.0,262672037667.226,1370795199976.18,1.7
KOR,2012,312998,25660.0,,41089082.0,235332294613.246,1278427634342.59,1.7
KOR,2011,305852,23590.0,,40909592.0,236571489354.317,1253223044718.99,1.7
KOR,2010,302100,22290.0,,40602657.0,224137663530.351,1144066965324.49,1.8
LTU,2020,100,,,1901682.0,,55887271833.0025,
LTU,2019,302,19000.0,,1895962.0,6167224054.65004,54639938780.2352,2.0
LTU,2018,413,17440.0,,1896056.0,5805236690.23183,53696648755.4347,2.1
LTU,2017,762,15270.0,,1909625.0,4608656961.50425,47640770634.427,2.2
LTU,2016,1093,14890.0,,1932212.0,3209597500.0581,43018087237.5741,2.3
LTU,2015,1310,15180.0,,1952971.0,3342238366.02097,41418872976.1196,2.3
LTU,2014,1519,16070.0,,1967853.0,6238878912.016371,48533659592.1728,2.4
LTU,2013,1449,15340.0,,1981238.0,5151516171.80475,46523420074.4372,2.4
LTU,2012,1180,14100.0,,1997745.0,3476168275.47294,42927454291.478,2.5
LTU,2011,1038,13320.0,99.8155975341797,2020994.0,3717643037.0782,43535051482.3869,2.7
LTU,2010,860,12570.0,,2067653.0,2876568195.10883,37128694028.243,2.9
LUX,2020,327,,,578234.0,,73263982103.0119,
LUX,2019,523,,,565584.0,5767050586.67055,71104919108.1411,1.5
LUX,2018,400,70840.0,,553119.0,5689644631.09221,70885325883.0941,1.5
LUX,2017,707,66380.0,,541038.0,5256545233.52975,64023412339.7075,1.5
LUX,2016,445,68670.0,,526490.0,6091152002.814011,60691483443.1221,1.5
LUX,2015,297,72470.0,,513663.0,6163339960.24174,57744457954.7297,1.5
LUX,2014,284,76470.0,,500042.0,6832799336.25706,66103853236.7572,1.5
LUX,2013,262,75500.0,,486709.0,5734676401.11411,61739352212.3049,1.5
LUX,2012,188,75450.0,,473864.0,5600159079.81499,56677961787.0717,1.5
LUX,2011,155,76260.0,,460842.0,7128166971.893259,60004630234.4135,1.5
LUX,2010,151,78220.0,,448892.0,7398322779.70465,53212476812.2957,1.6
LVA,2020,17,,,1299043.0,,33505185228.7067,
LVA,2019,82,17730.0,,1305648.0,1173043062.0059,34055464655.3254,1.9
LVA,2018,130,16520.0,99.88931274414058,1313215.0,1763141068.13525,34399206589.8596,2.0
LVA,2017,155,14830.0,,1322185.0,1288483063.15915,30383528686.2906,2.2
LVA,2016,188,14780.0,,1332897.0,909294766.1025232,28052325862.0461,2.4
LVA,2015,234,15100.0,,1344323.0,866497580.086396,27239653843.5022,2.6
LVA,2014,184,15330.0,,1354815.0,568022751.113897,31329367172.7409,2.9
LVA,2013,424,14970.0,,1367090.0,1118891291.31589,30436727789.4364,3.2
LVA,2012,346,13890.0,,1381242.0,1127494742.3397698,28324787663.6545,3.5
LVA,2011,334,13170.0,99.8958969116211,1397904.0,772577610.373925,28374734038.0031,3.9
LVA,2010,315,12620.0,,1423002.0,137932081.680999,23869752327.3325,4.2
MAC,2020,,,,649342.0,,,
MAC,2019,,75610.0,,640446.0,,55153707948.7021,
MAC,2018,,76510.0,,631633.0,,55302446577.8879,
MAC,2017,,69980.0,,622578.0,,50456765512.0857,
MAC,2016,,63730.0,96.5384902954102,612824.0,,45085114632.7125,
MAC,2015,,62090.0,,602093.0,,45060237946.149,
MAC,2014,1,72140.0,,590210.0,,54903031137.7096,
MAC,2013,,69510.0,,577368.0,,51536304807.6803,
MAC,2012,,60790.0,,564037.0,,43189526777.5567,
MAC,2011,,54490.0,95.6400375366211,550833.0,,36845925519.4433,
MAC,2010,,45260.0,,538215.0,,28241858488.9155,
MAR,2020,,2980.0,,23450016.0,,112870591694.044,
MAR,2019,217,3200.0,,22975024.0,23299452232.9839,119700325461.938,13.6
MAR,2018,502,3090.0,73.7500076293945,22501247.0,22915548717.7491,118096227400.092,14.2
MAR,2017,696,2880.0,,22027645.0,22632694841.968,109682728023.112,14.7
MAR,2016,898,2880.0,,21553482.0,20480624632.5087,103311649248.024,15.4
MAR,2015,1416,3020.0,,21078593.0,20622530269.8458,101179808076.36,16.1
MAR,2014,1934,3060.0,,20602947.0,20166797124.7931,110081248587.369,16.9
MAR,2013,1480,3090.0,,20128276.0,20534473801.7014,106825649872.108,17.7
MAR,2012,961,2980.0,69.42539215087889,19659923.0,16862683603.6176,98266306615.3632,18.5
MAR,2011,967,3000.0,67.0841598510742,19203941.0,20353416822.4424,101370474295.109,19.3
MAR,2010,955,2930.0,,18764985.0,20168989070.139,93216746661.5977,20.0
MCO,2020,11,,,39244.0,,,
MCO,2019,12,,,38967.0,,7423709839.9194,1.7
MCO,2018,14,,,38682.0,,7194024563.060941,1.8
MCO,2017,19,,,38392.0,,6431314957.07185,1.8
MCO,2016,12,,,38070.0,,6472990923.1791,1.9
MCO,2015,5,,,37723.0,,6261622101.40908,1.9
MCO,2014,8,,,37320.0,,7069616048.890659,2.0
MCO,2013,5,,,36899.0,,6555983530.34932,2.1
MCO,2012,5,,,36459.0,,5743029680.07195,2.1
MCO,2011,9,,,36025.0,,6088808463.25167,2.2
MCO,2010,11,,,35609.0,,5367625613.15127,2.2
MDA,2020,74,4570.0,,1121710.0,,11914040905.2626,
MDA,2019,289,4580.0,,1137901.0,766752829.0879482,11968699005.9801,10.7
MDA,2018,337,3920.0,,1154485.0,573701796.5994719,11456728401.3069,10.9
MDA,2017,365,3330.0,,1172513.0,742723917.4275732,9669759987.026329,11.1
MDA,2016,423,3180.0,,1191230.0,708929283.111425,8071480540.86068,11.4
MDA,2015,430,3300.0,,1204392.0,366020497.00698,7745231660.33425,11.6
MDA,2014,496,3740.0,99.35989379882808,1214089.0,1295090392.55437,9510219299.495571,11.8
MDA,2013,531,3620.0,,1215716.0,1332891505.37183,9496684701.43325,12.0
MDA,2012,561,3140.0,99.13831329345699,1216928.0,1069731458.53951,8709165249.26928,12.3
MDA,2011,396,2730.0,,1217974.0,740501482.3430692,8414360656.29632,12.5
MDA,2010,534,2380.0,99.0231781005859,1219566.0,696849655.423128,6974960345.3712,12.7
MEX,2020,,8480.0,,104088701.0,,1076163316174.94,
MEX,2019,580,9480.0,,102626859.0,93363060356.7029,1268870527160.03,8.6
MEX,2018,5797,9180.0,95.37991333007808,101149483.0,83708960523.1381,1222348807283.2,8.7
MEX,2017,14928,8920.0,94.9727783203125,99655907.0,81475121967.2779,1158913035796.37,8.5
MEX,2016,16075,9390.0,94.859619140625,98145003.0,76257758170.1072,1078490651625.31,8.4
MEX,2015,19679,10160.0,94.47228240966801,96615314.0,86951550054.2571,1171867608197.72,8.3
MEX,2014,21793,10500.0,94.55587768554692,95072133.0,77926395347.239,1315351183524.54,8.3
MEX,2013,22741,10270.0,93.9628524780273,93515785.0,41327327164.5031,1274443084716.57,8.4
MEX,2012,21344,10050.0,94.22840118408199,91948802.0,71708831369.4494,1201089987015.45,8.6
MEX,2011,18041,9310.0,93.5199813842773,90370887.0,77474973387.0587,1180489601957.61,8.8
MEX,2010,15116,9040.0,93.06893920898442,88781438.0,82977822176.6642,1057801295584.05,9.0
MLT,2020,,25370.0,,497676.0,,14647384607.603996,
MLT,2019,,28340.0,,477236.0,,15215714309.0974,4.7
MLT,2018,,27090.0,94.5031890869141,458518.0,,14864712990.1631,4.7
MLT,2017,,24140.0,,442474.0,,13221298307.8894,4.8
MLT,2016,,23590.0,,430220.0,,11721521912.7202,4.7
MLT,2015,,25230.0,,420192.0,,11091434483.5238,4.7
MLT,2014,,24560.0,,409992.0,,11626281387.0068,4.7
MLT,2013,,23370.0,,401597.0,,10551661176.7831,4.6
MLT,2012,,22160.0,,395713.0,,9462238211.48657,4.6
MLT,2011,6,22120.0,93.3073577880859,391879.0,,9638916481.06904,4.6
MLT,2010,15,21370.0,,389936.0,,9035932122.497679,4.6
MNE,2020,3,7900.0,,419585.0,,4778582336.18234,
MNE,2019,7,9070.0,,417692.0,,5542674764.89028,1.3
MNE,2018,11,8450.0,98.8471832275391,415729.0,,5506767831.83751,1.4
MNE,2017,43,7410.0,,413735.0,,4856632399.45775,1.6
MNE,2016,83,7090.0,,411597.0,,4377033429.26721,1.8
MNE,2015,136,7260.0,,409418.0,,4054712082.5474296,2.1
MNE,2014,160,7320.0,,407105.0,,4594024179.6200285,2.4
MNE,2013,186,7330.0,,404636.0,,4466040642.84766,2.9
MNE,2012,232,7000.0,,402174.0,,4087725812.6686397,3.3
MNE,2011,221,7260.0,98.4422073364258,399777.0,,4544516982.18263,3.8
MNE,2010,199,6920.0,,397301.0,,4143033275.8849297,4.3
MNG,2020,,3670.0,,2250777.0,,13137128659.478998,
MNG,2019,,3790.0,,2210626.0,224189725.509562,13996719329.4236,8.1
MNG,2018,,3630.0,98.4231185913086,2169853.0,219650111.640482,13108769495.7472,8.6
MNG,2017,,3230.0,,2128679.0,-95604500.7384753,11425755279.5395,9.0
MNG,2016,,3500.0,,2087401.0,735574114.773617,11186734674.3847,9.3
MNG,2015,,3820.0,,2045831.0,542728051.3538151,11749620619.5962,9.6
MNG,2014,,4210.0,,2004068.0,555550348.2977719,12226514722.0861,9.8
MNG,2013,,4330.0,,1962408.0,688415265.971348,12582122604.1921,10.0
MNG,2012,,3650.0,,1921642.0,986346130.31511,12292770631.1967,10.4
MNG,2011,,2590.0,,1882818.0,526427140.74304,10409797649.3063,10.9
MNG,2010,,2000.0,98.2570037841797,1837756.0,258928567.230194,7189481824.07288,11.6
MWI,2020,,580.0,,3333777.0,,11961848552.5977,
MWI,2019,,550.0,,3199301.0,406958183.0247181,10862613621.906,19.8
MWI,2018,,430.0,,3072916.0,129537887.627025,9712994564.91596,20.4
MWI,2017,,370.0,,2953396.0,-96979345.7040686,8787570920.44408,21.1
MWI,2016,,340.0,,2839899.0,-418148320.099273,5433040159.88747,21.9
MWI,2015,,350.0,62.1435394287109,2731662.0,-160017365.484885,6373212640.84604,22.8
MWI,2014,,370.0,65.1453704833984,2627830.0,88065322.86564341,6047813437.31804,23.9
MWI,2013,,410.0,,2528901.0,57906753.0658438,5518880768.57955,25.1
MWI,2012,,460.0,,2434417.0,-791411094.958546,6028487928.83351,26.3
MWI,2011,,490.0,,2344863.0,-185689579.707612,8004000737.30717,27.4
MWI,2010,,450.0,61.309719085693395,2260037.0,265052097.851366,6959655570.89098,28.2
MYS,2020,,10580.0,,24973604.0,,336664444247.042,
MYS,2019,,11230.0,,24475775.0,-290209153.289196,364681367531.684,4.6
MYS,2018,,10650.0,94.8544082641602,23972655.0,3380337926.90723,358715057123.739,4.5
MYS,2017,1,9950.0,95.08264923095699,23467529.0,15649407501.7451,319112136545.438,4.4
MYS,2016,36,10150.0,94.8805770874023,22964394.0,17658321528.2526,301255380276.258,4.3
MYS,2015,156,10680.0,,22464991.0,17982701409.6025,301354803994.367,4.2
MYS,2014,220,11140.0,,21974953.0,26495204006.5464,338061963396.37604,4.1
MYS,2013,1135,10840.0,,21491686.0,31128110252.5767,323277158906.979,4.1
MYS,2012,2387,10180.0,,21009034.0,33643977394.9605,314443149443.149,4.1
MYS,2011,3303,9050.0,,20516667.0,41696517949.8009,297951960784.314,4.2
MYS,2010,3492,8260.0,93.11788940429692,20002877.0,32057124598.587,255016609232.871,4.2
NIC,2020,37,1850.0,,3909282.0,,12621476263.8278,
NIC,2019,98,1900.0,,3846138.0,2311141942.69111,12611218627.0632,10.2
NIC,2018,105,1970.0,,3783741.0,2273231689.3122,13025208219.7685,10.6
NIC,2017,108,2030.0,,3722300.0,2416422328.35425,13785909906.1925,11.0
NIC,2016,125,1960.0,,3661976.0,2299248051.52955,13286083644.8761,11.5
NIC,2015,142,1890.0,82.6145477294922,3602941.0,2389631220.23529,12756706583.3113,11.9
NIC,2014,129,1830.0,,3544358.0,1845644549.59599,11880434070.7811,12.4
NIC,2013,126,1740.0,,3486219.0,1368617438.89449,10982979274.1922,12.8
NIC,2012,172,1670.0,,3428528.0,1441363733.38843,10532049076.9407,13.1
NIC,2011,200,1570.0,,3371400.0,1320904367.79106,9774351930.71802,13.3
NIC,2010,218,1460.0,,3314879.0,948627164.126527,8758639096.47693,13.6
NLD,2020,689,,,16087009.0,,912242335119.0692,
NLD,2019,2080,53010.0,,15935776.0,166400025775.879,907050863145.097,2.6
NLD,2018,2382,51250.0,,15765213.0,172416774223.552,913597086062.5992,2.6
NLD,2017,2373,47110.0,,15602670.0,154727186072.603,831809944960.879,2.6
NLD,2016,2632,46900.0,,15435425.0,123859884618.316,783528181704.567,2.6
NLD,2015,2779,49810.0,,15275237.0,119638816361.814,765264949780.999,2.6
NLD,2014,2677,51980.0,,15126226.0,121689809881.14,890981311077.658,2.6
NLD,2013,2256,52950.0,,14987369.0,124543094145.127,876923518850.405,2.7
NLD,2012,2314,52930.0,,14842886.0,132148667377.989,838971306990.9059,2.7
NLD,2011,2436,54480.0,,14669707.0,137234855638.027,904085980796.018,2.7
NLD,2010,2415,53900.0,,14477657.0,115286086505.996,846554894931.0841,2.8
NOR,2020,681,78250.0,,4463566.0,,362008956544.827,
NOR,2019,1253,81620.0,,4418218.0,65090098640.2892,405510000000.0,1.4
NOR,2018,1558,80320.0,,4368945.0,81719322480.7834,436999692591.454,1.5
NOR,2017,2143,75650.0,,4320306.0,71599908769.9293,398393955268.99,1.5
NOR,2016,2228,81370.0,,4265348.0,66498352708.9133,368827142857.1429,1.5
NOR,2015,2159,92910.0,,4207493.0,76911630958.9586,385801550067.169,1.6
NOR,2014,2323,104370.0,,4145335.0,112184462528.816,498410050251.256,1.6
NOR,2013,2450,104190.0,,4078226.0,114512886369.615,522761531914.894,1.7
NOR,2012,2281,99110.0,,4008535.0,111255578953.876,509506317146.541,1.7
NOR,2011,2385,90330.0,,3935476.0,98701311242.5811,498283438454.281,1.8
NOR,2010,2434,88490.0,,3867496.0,83464929014.5144,428757038466.841,1.9
NZL,2020,1,,,4408037.0,,212482013605.047,
NZL,2019,54,42610.0,,4312821.0,,209127454522.901,2.6
NZL,2018,153,41680.0,,4240881.0,27683295130.1584,212225726657.864,2.7
NZL,2017,464,38910.0,,4162127.0,27402804346.8722,206950600690.395,2.9
NZL,2016,754,39440.0,,4072982.0,24258770089.5449,188943457301.474,3.0
NZL,2015,993,40650.0,,3979802.0,22301703444.8832,178064471137.92102,3.1
NZL,2014,2515,41680.0,,3896881.0,23220195296.2547,201313497220.917,3.2
NZL,2013,3693,39930.0,,3830023.0,22069346932.6102,190906575136.00305,3.3
NZL,2012,3920,36700.0,,3798063.0,15114870101.6213,176206659722.524,3.3
NZL,2011,3951,32230.0,,3774624.0,13992732095.1985,168291357111.739,3.3
NZL,2010,4334,29680.0,,3748563.0,11360170224.378,146517541181.254,3.2
PAN,2020,,11880.0,,2951905.0,,52938100000.0,
PAN,2019,,14900.0,,2890085.0,15258679228.3108,66787900000.0,8.6
PAN,2018,,14480.0,95.4118118286133,2828116.0,15035211489.9578,64928300000.0,8.9
PAN,2017,,13750.0,,2766522.0,16658592678.4769,62202700000.0,9.1
PAN,2016,,12780.0,,2705929.0,14699047870.3451,57907700000.0,9.5
PAN,2015,,12200.0,,2646824.0,14940958851.8197,54091800000.0,9.8
PAN,2014,,11190.0,,2589339.0,11928567514.5477,49921400000.0,10.1
PAN,2013,,10630.0,,2533389.0,12236676313.7895,45599900000.0,10.5
PAN,2012,,9540.0,,2478853.0,10520020607.5307,40429700000.0,10.8
PAN,2011,,8550.0,,2425409.0,8223062195.21342,34686200000.0,11.1
PAN,2010,1,7260.0,94.0941162109375,2372849.0,5460320309.90892,29440300000.0,11.5
PER,2020,238,6010.0,,25815966.0,,202014363787.233,
PER,2019,642,6790.0,,25390346.0,25641631505.6567,228470919605.66895,6.4
PER,2018,1113,6470.0,94.4082717895508,24921877.0,20729957346.5655,222574697255.522,6.6
PER,2017,1191,6060.0,94.1496124267578,24438509.0,20415482298.5581,211007207483.515,6.9
PER,2016,1521,6110.0,94.1736679077148,23979739.0,20420819161.6462,191895943823.887,7.2
PER,2015,1229,6340.0,94.1623382568359,23571250.0,23160678457.2703,189805300841.603,7.6
PER,2014,1319,6530.0,93.70794677734379,23221643.0,25923625061.0867,200789362451.567,7.9
PER,2013,1300,6420.0,,22922694.0,27031901023.8532,201175469114.327,8.3
PER,2012,1247,5790.0,93.8417282104492,22662395.0,24740858547.9851,192648999090.082,8.7
PER,2011,1187,4970.0,,22421439.0,23284777197.9994,171761737046.585,9.1
PER,2010,1274,4410.0,,22185856.0,19180782889.1422,147528937028.778,9.6
PHL,2020,2542,3430.0,,51950201.0,,361489354350.0,
PHL,2019,5963,3850.0,,50975906.0,81584069890.4467,376823278560.849,13.3
PHL,2018,5812,3710.0,,50026969.0,84805130154.1679,346842094174.513,13.6
PHL,2017,5308,3530.0,,49096823.0,86632527036.4024,328480867142.69,14.0
PHL,2016,5795,3450.0,,48177757.0,83080200360.3503,318626761492.867,14.3
PHL,2015,5920,3380.0,98.1825485229492,47262076.0,80774225646.6769,306446140628.709,14.4
PHL,2014,4032,3330.0,,46329520.0,80238048025.2719,297483247101.038,14.6
PHL,2013,1049,3160.0,96.3980026245117,45385011.0,74786847390.5715,283902728260.716,14.6
PHL,2012,381,2860.0,,44437842.0,65227013206.2103,261920509950.555,14.8
PHL,2011,93,2520.0,,43505398.0,58867157372.3303,234216930369.796,14.9
PHL,2010,53,2370.0,,42597023.0,58333015191.6783,208368726861.40695,15.0
POL,2020,452,15270.0,,22786800.0,,594164690894.936,
POL,2019,4613,15350.0,,22793332.0,63943000741.35201,595862086928.211,2.7
POL,2018,7281,14150.0,,22806875.0,58813984280.6242,587408980271.71,2.8
POL,2017,9992,12730.0,,22824769.0,52637591624.8139,526508877305.321,2.8
POL,2016,13281,12720.0,,22849639.0,44392191869.1364,472630364208.177,2.8
POL,2015,15757,13310.0,,22897449.0,48743932581.7045,477811911394.084,2.9
POL,2014,15825,13560.0,,22960228.0,47880984974.3728,542477096211.761,3.0
POL,2013,16819,13390.0,,23025350.0,42715346524.4,521016262734.924,3.1
POL,2012,17400,13160.0,,23086831.0,39913057104.65,498523568248.119,3.2
POL,2011,16949,12890.0,,23134846.0,45447301561.4428,528301269069.799,3.4
POL,2010,15519,12740.0,,23165018.0,33698397794.7667,479834179020.33,3.6
PRT,2020,85,22000.0,,6833619.0,,231255587276.74106,
PRT,2019,358,23150.0,,6764658.0,12537921825.2688,239510770948.274,2.0
PRT,2018,903,22030.0,96.1375885009766,6706183.0,11517817303.9464,242194788533.537,2.0
PRT,2017,1886,20040.0,,6659350.0,10420736096.7266,220811110492.149,2.0
PRT,2016,2915,19930.0,,6617169.0,6145614446.6842,206286022781.894,2.1
PRT,2015,3767,20440.0,,6578828.0,4379934378.9793215,199313894327.486,2.1
PRT,2014,4086,21190.0,,6546012.0,4199132574.73152,229596170846.995,2.1
PRT,2013,4260,21370.0,,6520333.0,6031810319.485121,226369502104.236,2.1
PRT,2012,4139,21150.0,,6494283.0,-862917626.036244,216236608773.976,2.1
PRT,2011,4244,22720.0,94.47705078125,6457743.0,451024130.8614481,244797226567.10895,2.1
PRT,2010,4297,22960.0,,6403809.0,-4059731332.02425,237880908317.652,2.1
ROU,2020,249,12570.0,,10451921.0,,248715551366.635,
ROU,2019,777,12610.0,,10476962.0,14048378413.4566,249696854574.19894,3.4
ROU,2018,979,11430.0,98.8444976806641,10515554.0,4307722666.86112,241457403085.042,3.6
ROU,2017,992,10110.0,,10565369.0,8408106664.64567,211695422578.655,3.7
ROU,2016,962,9620.0,,10619522.0,9067256639.21127,188128818486.401,4.0
ROU,2015,1066,9600.0,,10678041.0,12971059428.1036,177729210874.504,4.3
ROU,2014,1046,9700.0,,10730940.0,13721744946.8313,199959363430.073,4.6
ROU,2013,1234,9320.0,,10778604.0,12544358547.2285,190801346194.297,5.0
ROU,2012,1310,8760.0,,10826124.0,5818328659.11316,170635805316.879,5.2
ROU,2011,1843,8650.0,98.6042861938477,10871606.0,7977094842.729059,183326740143.016,5.3
ROU,2010,1874,8640.0,,10898688.0,8643890153.144579,166309355234.589,5.4
RUS,2020,16475,10690.0,,107723564.0,,1483497784867.6,
RUS,2019,34231,11250.0,,107708298.0,134276285541.895,1687448525466.61,2.6
RUS,2018,43961,10250.0,99.7300567626953,107539205.0,160135220816.318,1657328865709.99,2.9
RUS,2017,57365,9210.0,,107349517.0,108877832385.439,1574199387070.9,3.2
RUS,2016,64746,9730.0,,107050095.0,72994968960.0893,1276786979221.81,3.5
RUS,2015,73354,11780.0,,106703732.0,105302483858.0,1363481063446.77,3.9
RUS,2014,65788,14630.0,,106354644.0,137439417619.328,2059241965490.83,4.4
RUS,2013,74292,15190.0,,105998572.0,163208032786.776,2292473246621.08,4.8
RUS,2012,75176,13490.0,,105669982.0,218473795830.37305,2208295773643.15,4.8
RUS,2011,70502,11060.0,,105407937.0,230627072168.904,2045925608274.37,4.6
RUS,2010,69079,9980.0,99.6842727661133,105261487.0,131971166658.26,1524917468442.01,4.4
SAU,2020,,21930.0,,29343564.0,,700117873249.269,
SAU,2019,,22840.0,,28807839.0,155903005055.326,792966838160.0,3.7
SAU,2018,,21610.0,,28257740.0,140827243866.807,786521831573.333,3.8
SAU,2017,,19990.0,95.3286285400391,27679871.0,108763141236.648,688586244293.333,4.1
SAU,2016,,21610.0,,27058156.0,85764709228.074,644935541440.0,4.4
SAU,2015,,23710.0,,26382763.0,58011755056.5106,654269902880.0,4.7
SAU,2014,2,25550.0,,25648414.0,160835189198.325,756350347333.333,5.0
SAU,2013,,25440.0,94.4263381958008,24865073.0,195222957516.131,746647127413.333,5.4
SAU,2012,76,24040.0,,24058628.0,222449152198.81305,735974843360.0,5.8
SAU,2011,153,20880.0,,23264793.0,215215127017.052,671238840106.667,6.2
SAU,2010,106,18750.0,,22508638.0,141782689046.306,528207332640.0,6.7
SGP,2020,970,54920.0,,5685807.0,,339998477929.985,
SGP,2019,8783,58390.0,,5703569.0,105003059987.851,374386306993.109,0.9
SGP,2018,9361,56900.0,97.34485626220699,5638676.0,113087439208.208,375981539145.90704,0.9
SGP,2017,8580,54460.0,97.2022171020508,5612253.0,110584486595.709,343337750742.27,1.0
SGP,2016,7725,53060.0,97.049560546875,5607283.0,100598303799.013,318763807455.664,1.0
SGP,2015,9432,53160.0,96.8254928588867,5535002.0,94940173597.2972,308004146057.60803,1.0
SGP,2014,9250,56380.0,96.7166900634766,5469724.0,111181865633.738,314851156183.411,1.0
SGP,2013,9534,54480.0,96.5480194091797,5399162.0,103247108588.049,307576360584.992,1.0
SGP,2012,8089,51740.0,96.3697891235352,5312437.0,105977763272.717,295087220933.024,1.1
SGP,2011,9021,48290.0,96.18604278564449,5183688.0,105484051900.973,279351168707.26697,1.1
SGP,2010,7874,44930.0,95.85733032226558,5076732.0,94691255082.919,239809387605.427,1.1
SLV,2020,,3650.0,,4763725.0,,24638720000.0,
SLV,2019,12,3990.0,,4694699.0,1447274938.04193,26896660000.0,6.6
SLV,2018,97,3820.0,89.0085983276367,4624410.0,978039058.084696,26020850000.0,6.8
SLV,2017,123,3600.0,88.4827117919922,4553135.0,1038616116.52778,24979200000.0,7.0
SLV,2016,86,3510.0,88.1417694091797,4481140.0,863799302.575076,24191430000.0,7.3
SLV,2015,15,3440.0,87.9698486328125,4408609.0,649186579.8048098,23438240000.0,7.6
SLV,2014,9,3400.0,,4335704.0,527023164.81423897,22593460000.0,7.9
SLV,2013,12,3350.0,86.767578125,4263187.0,219983985.785009,21990970000.0,8.2
SLV,2012,6,3210.0,,4191073.0,818331376.714848,21386150000.0,8.6
SLV,2011,99,3060.0,85.4939880371094,4119159.0,1032005673.7525301,20283790000.0,9.0
SLV,2010,136,2880.0,84.4927215576172,4047471.0,1011985156.56075,18447920000.0,9.4
SMR,2020,,,,33089.0,,,
SMR,2019,,,,32973.0,,1616369645.99635,0.8
SMR,2018,,,99.9164276123047,32847.0,,1655300872.5342698,0.8
SMR,2017,121,,,32685.0,,1528630707.49794,0.8
SMR,2016,466,,,32468.0,,1468377272.13859,0.9
SMR,2015,353,,,32185.0,,1419394771.21029,0.9
SMR,2014,218,,,31808.0,,1673973694.69908,1.0
SMR,2013,164,,,31372.0,,1678841811.66158,1.0
SMR,2012,107,,,30874.0,,1604779647.95066,1.1
SMR,2011,140,,,30376.0,,1813752783.96437,1.2
SMR,2010,283,,,29891.0,,1881214370.9399397,1.3
SRB,2020,73,7400.0,,3899416.0,,52960134078.6888,
SRB,2019,175,7030.0,,3907389.0,734382336.6587019,51475016532.1293,3.2
SRB,2018,352,6410.0,,3916682.0,996950141.143548,50640650221.4622,3.4
SRB,2017,624,5570.0,,3927608.0,-647242923.792786,44179055279.8887,3.5
SRB,2016,900,5700.0,98.8415069580078,3939250.0,-186098539.843878,40692643373.0327,3.7
SRB,2015,1196,5960.0,,3951845.0,-39671507.702717,39655958842.5478,4.0
SRB,2014,1340,6240.0,,3963388.0,-998916767.902814,47062206677.6539,4.2
SRB,2013,1360,6460.0,,3973872.0,-805880593.877628,48394239474.6762,4.4
SRB,2012,1425,6080.0,,3985121.0,-2128006660.26292,43309252921.0567,4.5
SRB,2011,1487,6190.0,97.96240997314449,3994308.0,-1523922224.02185,49258136128.9672,4.7
SRB,2010,1056,6220.0,,4009779.0,-515702200.317437,41819468691.8251,4.8
SVK,2020,537,18700.0,,2934665.0,,104574146248.364,
SVK,2019,761,19200.0,,2930459.0,7109518963.360909,105119160234.117,2.9
SVK,2018,866,18300.0,,2926332.0,8510335516.131909,105474651206.555,2.9
SVK,2017,852,16600.0,,2923642.0,6608729560.443971,95209466459.44,3.0
SVK,2016,852,16790.0,,2922095.0,6092767512.29722,89655253976.4258,3.0
SVK,2015,965,17670.0,,2922832.0,7827958250.565359,88467555243.7256,3.1
SVK,2014,899,18310.0,,2926070.0,9100389465.90783,101189715749.374,3.1
SVK,2013,972,18250.0,,2930811.0,8420679078.47589,98848641554.6311,3.2
SVK,2012,898,17800.0,,2935234.0,7514463823.4701,94534730680.6023,3.3
SVK,2011,1008,17440.0,,2937801.0,5868188524.96035,99122802874.1718,3.3
SVK,2010,966,17430.0,,2948302.0,4212796717.48506,90310718349.0156,3.4
SVN,2020,31,,,1157547.0,,52880473699.8803,
SVN,2019,240,25910.0,,1144894.0,6244677996.6551285,54174227308.8862,1.2
SVN,2018,432,24580.0,,1131123.0,6484445549.19611,54135187443.8136,1.2
SVN,2017,904,22120.0,,1121491.0,5187873744.5254,48466592281.6155,1.3
SVN,2016,1344,21770.0,,1115536.0,2958278448.80407,44736333522.4522,1.3
SVN,2015,1733,22250.0,,1109788.0,2591067997.5616302,43090173394.6913,1.4
SVN,2014,2093,23610.0,99.6999969482422,1104335.0,3751822134.3009896,49930685013.4603,1.4
SVN,2013,2187,23230.0,,1098614.0,2224613695.95797,48401896808.3064,1.5
SVN,2012,2223,23250.0,,1092516.0,1661866764.51983,46580457470.2769,1.6
SVN,2011,2342,24580.0,,1085605.0,2982232145.1344,51516366654.8197,1.7
SVN,2010,2417,24540.0,,1078743.0,3003986138.43161,48161250405.2468,1.8
SWE,2020,149,53800.0,,9108648.0,,537609865719.019,
SWE,2019,1419,56090.0,,9015406.0,101175528738.558,531283304459.6671,1.4
SWE,2018,2023,55640.0,,8896291.0,101377191553.092,555455371487.089,1.4
SWE,2017,2181,53030.0,,8764881.0,100411485077.774,541018749769.097,1.5
SWE,2016,2470,54360.0,,8618398.0,89736223107.0418,515654671469.5471,1.6
SWE,2015,2299,58420.0,,8481489.0,89117107287.8879,505103781349.757,1.6
SWE,2014,2188,61870.0,,8362604.0,102157262568.305,581964017237.095,1.6
SWE,2013,2089,61800.0,,8250182.0,101563075961.391,586841821796.891,1.6
SWE,2012,2139,59090.0,,8150488.0,97099163530.8106,552483727282.802,1.6
SWE,2011,1949,56700.0,,8059895.0,104215378219.009,574094112972.7329,1.6
SWE,2010,2512,54630.0,,7976659.0,89616196238.6736,495812558843.31,1.6
THA,2020,,7050.0,,35898129.0,,501794961925.244,
THA,2019,,7260.0,,35294600.0,79213130484.873,544263968873.601,5.3
THA,2018,,6610.0,93.76776123046879,34678818.0,72685329747.081,506611070188.3621,5.5
THA,2017,,5970.0,,34051230.0,68452387741.3834,456356961443.497,5.8
THA,2016,,5700.0,,33415222.0,54145460876.9059,413366150655.591,6.1
THA,2015,,5710.0,92.8683090209961,32772703.0,42664758580.3612,401296437424.995,6.3
THA,2014,,5760.0,,32127201.0,40244315528.1291,407339454060.678,6.6
THA,2013,,5720.0,93.7020721435547,31477998.0,43599264083.162,420333203150.426,6.9
THA,2012,,5520.0,,30828056.0,49810142667.7997,397558222957.17,7.3
THA,2011,,4950.0,,30179365.0,58402397247.5576,370819140946.553,7.6
THA,2010,,4580.0,96.430908203125,29469053.0,47289777131.3876,341104820155.464,8.0
TJK,2020,,1060.0,,2623424.0,,8194150301.785521,
TJK,2019,,1070.0,,2545478.0,,8300784856.879041,15.0
TJK,2018,,1030.0,,2469424.0,,7765014424.3377905,15.3
TJK,2017,,1030.0,,2396074.0,1374946012.69823,7536439875.083341,15.6
TJK,2016,,1110.0,,2326257.0,878686446.182371,6992393787.40891,15.8
TJK,2015,,1260.0,,2260774.0,252484258.806117,8271454300.59548,16.2
TJK,2014,,1350.0,99.8000030517578,2199791.0,291961728.36536497,9112544556.05962,16.8
TJK,2013,,1330.0,,2143015.0,-584569333.428073,8448469837.538309,17.5
TJK,2012,1,1150.0,,2090376.0,-314474657.99052995,7633049792.093209,18.3
TJK,2011,9,1020.0,,2041456.0,-178762140.449117,6522732202.50748,19.3
TJK,2010,,920.0,,1996266.0,-245271537.67350897,5642178579.58438,20.2
TTO,2020,,15410.0,,744725.0,,21529824769.2969,
TTO,2019,,16580.0,,741942.0,,23208326547.5327,11.5
TTO,2018,,15990.0,,739173.0,,23679919654.9891,11.9
TTO,2017,,15980.0,,736389.0,,22385426653.883,12.3
TTO,2016,,16880.0,,733552.0,,22386264807.3174,12.6
TTO,2015,,18910.0,,730647.0,,24959858249.4433,13.1
TTO,2014,,18560.0,,727665.0,,27615843098.0949,13.5
TTO,2013,,18750.0,,724640.0,,27268478564.5547,13.9
TTO,2012,,16840.0,,721775.0,,25763220107.0051,14.3
TTO,2011,,14970.0,,719346.0,,25433011405.3017,14.8
TTO,2010,,16460.0,98.6999969482422,717530.0,,22157948396.2042,15.3
TUN,2020,,3100.0,,8221976.0,,39235672868.2722,
TUN,2019,45,3340.0,,8099062.0,3202889637.80913,39195716330.4253,11.9
TUN,2018,173,3500.0,,7973629.0,3075059463.31812,39770478673.1648,12.0
TUN,2017,341,3520.0,,7848141.0,2603028133.71416,39802554352.3188,12.1
TUN,2016,475,3760.0,,7725792.0,2168892052.21068,41801284916.2011,12.1
TUN,2015,742,3960.0,,7608627.0,1721650512.12243,43173531810.7667,12.1
TUN,2014,770,4160.0,79.0364303588867,7497749.0,1463277454.90203,47632390881.7812,12.1
TUN,2013,540,4160.0,,7392693.0,-293566493.839774,46251074044.439,12.1
TUN,2012,613,4100.0,80.21875,7291132.0,-608469917.673903,45044138549.2029,12.2
TUN,2011,672,3990.0,79.6539077758789,7190394.0,-364490297.619652,45810626509.4474,12.3
TUN,2010,617,4130.0,79.1305770874023,7089135.0,2197717226.3345,44050929160.2627,12.5
TUR,2020,3890,9050.0,,64186247.0,,720101212394.114,
TUR,2019,4197,9690.0,,63097812.0,95009778018.9814,761428183369.1709,5.3
TUR,2018,4994,10510.0,,61872814.0,120250350776.289,778377023568.884,5.5
TUR,2017,6036,10970.0,96.1505279541016,60548564.0,109914586101.944,858996263095.8579,5.8
TUR,2016,4332,11260.0,96.16732788085942,59179592.0,105103449106.685,869692960365.5509,6.0
TUR,2015,2711,12030.0,95.6014175415039,57806286.0,110592228527.039,864316670330.8821,6.3
TUR,2014,2061,12630.0,95.4396286010742,56436828.0,119594626730.837,938952628604.067,6.7
TUR,2013,1474,12600.0,95.2566604614258,55069491.0,117831044809.939,957783020853.0308,7.2
TUR,2012,3571,11960.0,94.9197463989258,53729344.0,99892822451.1955,880556375779.51,7.8
TUR,2011,4734,11310.0,94.10608673095699,52439952.0,91695835883.4668,838762755164.1791,8.4
TUR,2010,4483,10490.0,92.6605987548828,51225592.0,69713040660.93,776992599946.766,9.1
UKR,2020,3688,3540.0,,30721277.0,,155582008717.426,
UKR,2019,8120,3370.0,,30836427.0,-1682387493.8595,153929501862.341,5.0
UKR,2018,9874,2800.0,,30946609.0,1942548123.90432,130901858421.72,5.2
UKR,2017,10355,2380.0,,31043768.0,3935327386.8776,112190355158.178,5.3
UKR,2016,11150,2310.0,,31122532.0,3156151568.60805,93355993628.5042,5.5
UKR,2015,10463,2650.0,,31183829.0,2061285210.2438896,91030959454.6961,5.7
UKR,2014,11569,3560.0,,31223300.0,-4882548808.2910795,133503411375.739,5.9
UKR,2013,12685,3800.0,,31330995.0,-7450757475.102909,183310146378.08105,6.1
UKR,2012,13113,3500.0,99.9743499755859,31360012.0,291107245.91044104,175781379051.433,6.4
UKR,2011,13461,3110.0,,31395053.0,1245088376.96476,163159671670.265,6.7
UKR,2010,13840,2980.0,,31465493.0,1057856261.5580599,136013155905.036,7.0
URY,2020,302,15830.0,,3317930.0,,53628827440.3582,
URY,2019,525,17740.0,,3303391.0,4322623543.36438,61231149880.5857,4.2
URY,2018,593,17270.0,98.703857421875,3288346.0,3672121251.56295,64515038268.1373,4.4
URY,2017,560,15920.0,98.61572265625,3273061.0,3998176908.6559296,64233966861.2518,4.6
URY,2016,563,15440.0,98.5614700317383,3257863.0,4649985266.46914,57236652490.1699,4.8
URY,2015,617,15620.0,98.5238723754883,3242948.0,4850898477.30268,53274304222.136,5.0
URY,2014,750,15790.0,98.4359283447266,3228547.0,4257144216.8287897,57236013086.1223,5.1
URY,2013,779,15330.0,98.3638687133789,3214643.0,5124562104.39836,57531233350.9101,5.1
URY,2012,821,13330.0,98.3959426879883,3201207.0,3490022499.2662,51264390116.4909,4.9
URY,2011,769,12060.0,98.3358993530273,3187408.0,5533849074.14839,47962439303.7247,4.8
URY,2010,888,10440.0,98.0727081298828,3171624.0,4165473815.7265,40284481651.9021,4.8
USA,2020,242197,,,272364755.0,,20936600000000.0,
USA,2019,439306,65910.0,,270737596.0,1268138094598.32,21433224697000.0,3.7
USA,2018,582621,63510.0,,268844029.0,1214499412758.87,20611860934000.0,3.8
USA,2017,666970,59460.0,,266788716.0,1176428262245.2,19542979183000.0,3.8
USA,2016,695198,57270.0,,264473000.0,1157711135108.52,18745075687000.0,3.8
USA,2015,702820,56740.0,,261950744.0,1424144853162.12,18238300569000.0,3.9
USA,2014,698010,55840.0,,259430732.0,1333356928603.1,17527163695000.0,4.0
USA,2013,684710,53930.0,,256953576.0,1087690146889.84,16784849196000.0,4.0
USA,2012,647399,52760.0,,254614421.0,1018621996835.74,16197007349000.0,4.0
USA,2011,600648,50580.0,,252208133.0,665796645919.804,15542581104000.0,4.1
USA,2010,556064,48990.0,,249849720.0,464612165720.38,14992052727000.0,4.1
UZB,2020,,1670.0,,17258430.0,,57707189945.4214,
UZB,2019,,1800.0,,16935578.0,14873300590.3981,57726542784.9204,9.9
UZB,2018,,2020.0,99.99288940429692,16635580.0,10738067364.302,50392607758.2324,10.5
UZB,2017,1,2350.0,,16372437.0,13401020695.3957,59159945320.5667,11.2
UZB,2016,,2650.0,99.986572265625,16130961.0,14344232617.3595,81779012350.8833,12.0
UZB,2015,,2600.0,99.9838333129883,15884192.0,15228370990.2926,81847410181.7953,13.0
UZB,2014,,2470.0,99.9805526733398,15640290.0,15343115810.5223,76658542757.4707,14.0
UZB,2013,2,2300.0,99.9948577880859,15408910.0,,68997168337.6782,15.1
UZB,2012,,2040.0,,15199882.0,,63628854498.5024,16.4
UZB,2011,,1670.0,,15007103.0,,56516280748.3777,17.4
UZB,2010,1,1390.0,,14554257.0,,46679875793.5724,18.4
VNM,2020,,2660.0,,36346227.0,,271158442059.082,
VNM,2019,,2590.0,,35332141.0,24019219020.0617,261921244843.172,10.5
VNM,2018,,2380.0,95.0003814697266,34319153.0,23468523751.803,245213686369.15695,10.7
VNM,2017,,2130.0,,33311724.0,19944589634.8286,223779865815.183,11.0
VNM,2016,,2080.0,,32315314.0,23264477303.0073,205276172134.901,11.2
VNM,2015,,1970.0,,31333195.0,20597367419.5196,193241108709.536,11.4
VNM,2014,1,1880.0,,30371041.0,24472589022.7875,186204652922.262,11.5
VNM,2013,1,1720.0,,29430158.0,22389001483.0542,171222025117.38098,11.6
VNM,2012,7,1540.0,,28513908.0,19959612599.733,155820001920.492,11.7
VNM,2011,,1370.0,,27621226.0,12648475263.3157,135539438559.709,11.9
VNM,2010,8,1250.0,,26757122.0,13772439178.2475,115931749697.241,12.0
ZAF,2020,739,5410.0,,39946775.0,,301923639269.552,
ZAF,2019,3296,6040.0,,39149715.0,-984123511.536506,351431649241.43896,11.5
ZAF,2018,5489,5750.0,,38348227.0,968619743.6686679,368288939768.322,11.4
ZAF,2017,3330,5410.0,87.0466690063477,37540921.0,5765053300.62488,349554116683.818,11.4
ZAF,2016,2990,5470.0,,36726640.0,1881087181.38016,296357282715.109,11.2
ZAF,2015,4712,6050.0,94.367919921875,35905875.0,6796126306.801621,317620522794.82697,11.0
ZAF,2014,5659,6760.0,94.13990020751949,35078456.0,3113765858.27337,350904575292.317,10.9
ZAF,2013,5436,7350.0,,34248628.0,1620987256.74945,366829390478.954,10.8
ZAF,2012,5651,7570.0,93.7294692993164,33428280.0,4984275726.018129,396332702639.496,10.9
ZAF,2011,6053,6990.0,93.10214233398442,32630279.0,12630782597.6354,416418874936.304,11.0
ZAF,2010,5782,6190.0,92.8773193359375,31866173.0,11514590739.4858,375349442837.24,11.2
ZMB,2020,,1190.0,,8204576.0,,19320053859.279,
ZMB,2019,,1430.0,,7871715.0,5639879380.21022,23308688906.1288,23.3
ZMB,2018,,1440.0,86.7479629516602,7551639.0,6142204395.45521,26311637646.6539,23.6
ZMB,2017,,1300.0,,7243007.0,5013659258.21866,25873601260.8353,23.9
ZMB,2016,,1370.0,,6944320.0,3135118120.9060802,20958412538.3093,24.3
ZMB,2015,,1580.0,,6654568.0,3973633814.1333103,21251216798.7762,24.5
ZMB,2014,,1800.0,,6372742.0,4509649800.76826,27141023558.0829,24.8
ZMB,2013,,1760.0,,6099735.0,4454167263.70082,28037239462.7142,25.0
ZMB,2012,,1690.0,,5837266.0,4367465676.41124,25503060420.026,25.2
ZMB,2011,,1420.0,,5588385.0,2221242848.45137,23459515275.5776,25.5
ZMB,2010,,1340.0,83.0076675415039,5354636.0,1823775479.1894894,20265559483.8548,25.7
ZWE,2020,,1090.0,,4792105.0,,16768513442.6415,
ZWE,2019,,1200.0,,4717307.0,,16932434838.6928,25.9
ZWE,2018,,1410.0,,4650597.0,,19523622341.6133,26.4
ZWE,2017,,1390.0,,4589452.0,-2550156624.36278,19015327919.1087,26.9
ZWE,2016,,1290.0,,4531238.0,-2102422846.44199,20548678100.0,27.3
ZWE,2015,,1280.0,,4473872.0,-3395278254.2888303,19963120600.0,27.9
ZWE,2014,,1260.0,88.69342041015629,4416224.0,-2486648659.0910697,19495519600.0,28.5
ZWE,2013,,1210.0,,4359432.0,-2626591529.5194397,19091020000.0,29.2
ZWE,2012,,1110.0,,4306228.0,-4285684544.65934,17114849900.0,30.0
ZWE,2011,,920.0,83.5827102661133,4257061.0,-2210168398.37003,14101920300.0,30.9
ZWE,2010,,630.0,,4215138.0,-2004266305.81002,12041655200.0,31.7
